<?xml version="1.0" encoding="UTF-8"?>
<program w="1280" h="720" waittime="30">
    
    <config mode="normal" time="2" name="hide" background="0"/>
    <config mode="clock" switching="time" time="15" name="01_toka.mp4" ratio="16:9" reference="/Expansion/01_toka.xml" background="128"/>
    <config mode="normal" time="2" name="hide" background="0"/>
    <config mode="normal" switching="end" name="02_sib.mp4" ratio="16:9" background="0"/>
    <config mode="normal" time="2" name="hide" background="0"/>
    <config mode="normal" switching="end" name="04_tam.mp4" ratio="16:9" background="0"/><!---->
    <config mode="normal" time="2" name="hide" background="0"/>
    <config mode="clock" switching="time" time="22" name="05_toka.mp4" ratio="16:9" reference="/Expansion/05_toka.xml" background="128"/>
    <config mode="normal" time="2" name="hide" background="0"/>
    <config mode="normal" switching="end" name="06_tam.mp4" ratio="16:9" background="0"/>
    <config mode="normal" time="2" name="hide" background="0"/>
    <!--
    <config mode="normal" switching="end" name="01_toka.mp4" ratio="16:9" background="0"/>
    <config mode="normal" time="10" name="wallpaper_04.jpg" ratio="16:9" background="255"/>
    <config mode="normal" switching="end" name="test.mp4" ratio="16:9" background="255"/>
    <config mode="normal" switching="time" time="10" name="test.mp4" ratio="16:9" background="255"/>
    <config mode="normal" switching="loop" name="test.mp4" ratio="16:9" background="255"/>
    <config mode="normal" time="10" name="hide" background="10,150,243"/>
    <config mode="clock" time="600" name="void" ratio="16:9" reference="/Expansion/clock.xml" background="128"/>
    <config mode="normal+" time="20" reference="/Expansion/plus.xml" background="255"/>
    <config mode="debug" background="255"/>
    -->
</program>