<?xml version="1.0" encoding="UTF-8"?>
<clock>
    <object type="degital" position="0,-400" size="50" color="0" font="meiryo.ttc" zone="Asia/Tokyo" pattern="5分間隔で上映しています"/>
    <object type="degital" position="0,400" size="50" color="0" font="meiryo.ttc" zone="Asia/Tokyo" pattern="しばらくお待ちください"/>
    <!--
    <object type="analog_img" position="-300,-200" size="50" board="clock1_dial.png">
        <sec name="clock1_s.png" offset="0,0"/>
        <min name="clock1_m.png" offset="0,0" smooth="true"/>
        <hour name="clock1_h.png" offset="0,0" smooth="true"/>
        <move startTime="5" duration="2" beginPos="-300,-200" endPos="1280,-200" behavior="accel"/>
        <move startTime="7" duration="0" beginPos="0,-200" endPos="-1280,-200" behavior="warp"/>
        <move startTime="7" duration="2" beginPos="-1280,-200" endPos="0,-200" behavior="decel_3"/>
    </object>
    <object type="analog_img" position="100,200" size="20" board="clock1_dial.png">
        <sec name="clock1_s.png" offset="0,0"/>
        <min name="clock1_m.png" offset="0,0" smooth="true"/>
        <hour name="clock1_h.png" offset="0,0" smooth="true"/>
    </object>
    <object type="analog_pro" position="200,-120" size="50">
        <board dialColor="30,62,99" indexColor="0128,0,128" indexwidth="2"/>
        <sec color="128,0,128" width="10"/>
        <min color="128,0,128" width="10" smooth="false"/>
        <hour color="128,0,128" width="10" smooth="false"/>
    </object>
    <object type="analog_pro" position="-400,70" size="100">
        <board dialColor="255" indexColor="0" indexwidth="3"/>
        <sec color="0" width="3"/>
        <min color="0" width="3" smooth="true"/>
        <hour color="0" width="3" smooth="true"/>
    </object>
    <object type="degital" position="0,-200" size="300" color="255" font="MS-PGothic-100.vlw">
        <move startTime="5" duration="2" beginPos="0,0" endPos="1280,0" behavior="accel"/>
    </object>
    <object type="degital" position="300,-300" size="100" color="198,220,182" font="SF-Pro-Display-Ultralight.otf"/>
    <object type="degital" position="0,200" size="300" color="18,46,13" font="DSEG7Classic-Bold.ttf"/>
    -->
</clock>